Rank  ,Name ,Name,Rank,CoC Name,Rank-Number,Overall Homeless,PIT,Rank-HomelessPopulation,Rank-Rate,Rank-Rate (CoC Rates and Ranking),Rate,Rate of Homelessness,ValueToDisplay,ValueToDisplay CoC
200,SC-503,SC,50,"Myrtle Beach, Sumter City & County CoC",130,"1,034","3,608",32,50,200,6.947458497,11.0,7,11.025499400
85,NJ-504,NJ,31,Newark/Essex County CoC,65,"1,914","8,752",16,31,85,9.443285314,22.4,9,22.388138264
114,IA-500,IA,46,"Sioux City/Dakota, Woodbury Counties CoC",327,212,"2,419",38,46,114,7.564838232,16.7,8,16.712916246
62,CA-520,CA,2,Merced City & County CoC,147,855,"171,521",1,2,62,43.819083728,29.8,44,29.846994879
87,KY-502,KY,35,Lexington-Fayette County CoC,168,715,"3,984",29,35,87,8.840389039,22.2,9,22.219252749
149,NJ-514,NJ,31,Trenton/Mercer County CoC,208,533,"8,752",16,31,149,9.443285314,13.8,9,13.811939943
172,WI-503,WI,40,Madison/Dane County CoC,170,701,"4,775",26,40,172,8.120608813,12.4,8,12.430157939
257,GA-501,GA,28,Georgia Balance of State CoC,12,"5,856","10,689",10,28,257,9.908204733,7.9,10,7.942081395
9,CA-600,CA,2,Los Angeles City & County CoC,1,"65,111","171,521",1,2,9,43.819083728,72.0,44,71.982571442
265,IL-508,IL,49,"East St. Louis, Belleville/St. Clair County CoC",332,197,"9,212",15,49,265,7.261279715,7.7,7,7.731675537
67,TN-504,TN,17,Nashville-Davidson County CoC,64,"1,916","10,567",12,17,67,15.164276312,27.2,15,27.217726183
220,AL-500,AL,48,"Birmingham/Jefferson, St. Clair, Shelby Counties CoC",136,943,"3,752",31,48,220,7.429929546,9.5,7,9.549657205
159,AZ-500,AZ,13,Arizona Balance of State CoC,49,"2,300","13,553",8,13,159,18.655511993,13.3,19,13.312511793
355,IL-511,IL,49,Cook County CoC,121,"1,096","9,212",15,49,355,7.261279715,4.4,7,4.425438032
171,NJ-500,NJ,31,Atlantic City & County CoC,274,343,"8,752",16,31,171,9.443285314,12.5,9,12.474269546
150,FL-505,FL,22,"Fort Walton Beach/Okaloosa, Walton Counties CoC",248,403,"25,959",3,22,150,11.892485771,13.7,12,13.739073516
358,PA-601,PA,29,Western Pennsylvania CoC,164,735,"12,691",9,29,358,9.753260418,4.3,10,4.339362982
164,MD-513,MD,36,"Wicomico, Somerset, Worcester Counties CoC",314,237,"5,349",25,36,164,8.662895308,13.0,9,13.043765410
163,OH-500,OH,33,Cincinnati/Hamilton County CoC,123,"1,081","10,654",11,33,163,9.056180108,13.1,9,13.084965121
170,FL-515,FL,22,"Panama City/Bay, Jackson Counties CoC",256,378,"25,959",3,22,170,11.892485771,12.6,12,12.596389035
44,MO-501,MO,30,St.Louis City CoC,117,"1,147","5,992",22,30,44,9.711785897,39.1,10,39.105383383
146,NC-502,NC,34,Durham City & County CoC,231,459,"9,382",14,34,146,8.879521214,14.1,9,14.074314835
219,TX-603,TX,37,El Paso City & County CoC,151,836,"24,432",5,37,219,8.265540922,9.6,8,9.631924530
353,VA-604,VA,47,Prince William County CoC,313,241,"6,529",21,47,353,7.541555658,4.4,8,4.428665410
86,NY-608,NY,6,Kingston/Ulster County CoC,246,409,"74,178",2,6,86,37.355170532,22.4,37,22.355712732
76,NV-500,NV,10,Las Vegas/Clark County CoC,15,"5,645","7,618",19,10,76,24.211782220,24.6,24,24.624030960
362,MO-500,MO,30,St. Louis County CoC,260,371,"5,992",22,30,362,9.711785897,3.7,10,3.720465670
370,NY-606,NY,6,Rockland County CoC,367,106,"74,178",2,6,370,37.355170532,3.1,37,3.124751273
177,ID-500,ID,27,Boise/Ada County CoC,185,620,"1,998",44,27,177,10.491967186,12.1,10,12.111007147
77,CA-512,CA,2,Daly/San Mateo County CoC,70,"1,808","171,521",1,2,77,43.819083728,24.5,44,24.502363502
162,MO-603,MO,30,"St. Joseph/Andrew, Buchanan, DeKalb Counties CoC",350,148,"5,992",22,30,162,9.711785897,13.1,10,13.102794968
93,MN-500,MN,20,Minneapolis/Hennepin County CoC,43,"2,678","7,917",18,20,93,13.861577867,21.1,14,21.129605433
214,MN-508,MN,20,Moorhead/West Central Minnesota CoC,303,253,"7,917",18,20,214,13.861577867,10.1,14,10.072016911
165,FL-509,FL,22,"Fort Pierce/St. Lucie, Indian River, Martin Counties CoC",150,846,"25,959",3,22,165,11.892485771,12.7,12,12.680179201
267,VA-502,VA,47,"Roanoke City & County, Salem CoC",325,216,"6,529",21,47,267,7.541555658,7.7,8,7.707101595
74,CA-601,CA,2,San Diego City and County CoC,8,"8,427","171,521",1,2,74,43.819083728,25.6,44,25.644622800
277,PA-509,PA,29,Eastern Pennsylvania CoC,52,"2,290","12,691",9,29,277,9.753260418,7.3,10,7.315585744
340,MD-503,MD,36,Annapolis/Anne Arundel County CoC,286,307,"5,349",25,36,340,8.662895308,5.2,9,5.200428231
55,TX-611,TX,37,Amarillo CoC,176,661,"24,432",5,37,55,8.265540922,32.8,8,32.847331962
347,MD-504,MD,36,Howard County CoC,343,165,"5,349",25,36,347,8.662895308,4.9,9,4.932307812
153,TN-507,TN,17,Jackson/West Tennessee CoC,142,906,"10,567",12,17,153,15.164276312,13.5,15,13.519764822
343,NY-520,NY,6,"Franklin, Essex Counties CoC",382,43,"74,178",2,6,343,37.355170532,5.1,37,5.075303338
54,CA-510,CA,2,"Turlock, Modesto/Stanislaus County CoC",67,"1,857","171,521",1,2,54,43.819083728,33.6,44,33.580530887
317,AL-507,AL,48,Alabama Balance of State CoC,137,935,"3,752",31,48,317,7.429929546,6.2,7,6.207114482
319,VA-500,VA,47,"Richmond/Henrico, Chesterfield, Hanover Counties CoC",171,697,"6,529",21,47,319,7.541555658,6.2,8,6.170522432
338,MD-601,MD,36,Montgomery County CoC,196,581,"5,349",25,36,338,8.662895308,5.5,9,5.508012214
286,AL-504,AL,48,Montgomery City & County CoC,297,278,"3,752",31,48,286,7.429929546,7.0,7,7.018110765
100,CO-504,CO,14,Colorado Springs/El Paso County CoC,93,"1,406","10,397",13,14,100,17.891014691,19.1,18,19.054924532
250,VA-505,VA,47,"Newport News, Hampton/Virginia Peninsula CoC",244,419,"6,529",21,47,250,7.541555658,8.4,8,8.358368542
178,FL-606,FL,22,Naples/Collier County CoC,230,462,"25,959",3,22,178,11.892485771,12.0,12,11.969532100
127,LA-503,LA,15,New Orleans/Jefferson Parish CoC,110,"1,214","7,373",20,15,127,15.934393436,15.0,16,14.975470574
329,WV-508,WV,45,West Virginia Balance of State CoC,167,720,"1,375",49,45,329,7.700811974,5.8,8,5.761060035
336,NE-500,NE,24,Nebraska Balance of State CoC,226,482,"2,246",42,24,336,11.438442742,5.5,11,5.531532028
276,TX-624,TX,37,"Wichita Falls/Wise, Palo Pinto, Wichita, Archer Counties CoC",305,249,"24,432",5,37,276,8.265540922,7.4,8,7.407715925
208,NV-502,NV,10,Nevada Balance of State CoC,263,368,"7,618",19,10,208,24.211782220,10.3,24,10.275799097
20,CA-516,CA,2,"Redding/Shasta, Siskiyou, Lassen, Plumas, Del Norte, Modoc, Sierra Counties CoC",69,"1,837","171,521",1,2,20,43.819083728,57.5,44,57.518590998
224,IL-501,IL,49,"Rockford/DeKalb, Winnebago, Boone Counties CoC",247,406,"9,212",15,49,224,7.261279715,9.3,7,9.297170546
383,AL-506,AL,48,Tuscaloosa City & County CoC,383,40,"3,752",31,48,383,7.429929546,1.8,7,1.762060201
365,KS-505,KS,39,"Overland Park, Shawnee/Johnson County CoC",328,212,"2,397",39,39,365,8.158827906,3.5,8,3.457166200
26,CA-531,CA,2,Nevada County CoC,209,527,"171,521",1,2,26,43.819083728,50.9,44,50.924270681
303,MI-500,MI,38,Michigan Balance of State CoC,84,"1,585","8,206",17,38,303,8.175339208,6.5,8,6.452043608
335,LA-502,LA,15,"Shreveport, Bossier/Northwest Louisiana CoC",302,255,"7,373",20,15,335,15.934393436,5.5,16,5.546890805
196,WY-500,WY,25,Wyoming Statewide CoC,180,648,648,51,25,196,11.182381537,11.2,11,11.195519028
330,MO-606,MO,30,Missouri Balance of State CoC,88,"1,571","5,992",22,30,330,9.711785897,5.8,10,5.750972284
40,OR-504,OR,4,"Salem/Marion, Polk Counties CoC",71,"1,805","17,959",6,4,40,42.193914387,41.4,42,41.372228576
61,MN-501,MN,20,Saint Paul/Ramsey County CoC,76,"1,713","7,917",18,20,61,13.861577867,31.5,14,31.532037323
140,NE-502,NE,24,Lincoln CoC,245,418,"2,246",42,24,140,11.438442742,14.3,11,14.282931896
263,PA-512,PA,29,York City & County CoC,267,358,"12,691",9,29,263,9.753260418,7.8,10,7.804733418
2,CA-501,CA,2,San Francisco CoC,9,"7,754","171,521",1,2,2,43.819083728,95.1,44,95.117645832
288,NJ-509,NJ,31,Morris County CoC,270,351,"8,752",16,31,288,9.443285314,6.9,9,6.869139948
129,MA-506,MA,12,Worcester City & County CoC,104,"1,277","15,507",7,12,129,22.185533264,14.8,22,14.813886772
294,VA-521,VA,47,Virginia Balance of State CoC,119,"1,125","6,529",21,47,294,7.541555658,6.6,8,6.648625744
3,CA-509,CA,2,Mendocino County CoC,153,830,"171,521",1,2,3,43.819083728,90.9,44,90.904112590
108,CA-602,CA,2,"Santa Ana, Anaheim/Orange County CoC",14,"5,718","171,521",1,2,108,43.819083728,18.1,44,18.050330686
269,OH-504,OH,33,Youngstown/Mahoning County CoC,340,174,"10,654",11,33,269,9.056180108,7.7,9,7.673243312
322,AL-505,AL,48,Gadsden/Northeast Alabama CoC,337,190,"3,752",31,48,322,7.429929546,6.0,7,6.013742985
46,MA-515,MA,12,Fall River CoC,265,361,"15,507",7,12,46,22.185533264,38.5,22,38.451706361
123,SD-500,SD,16,South Dakota Statewide CoC,95,"1,389","1,389",48,16,123,15.499395200,15.5,15,15.513035864
283,PA-600,PA,29,"Pittsburgh, McKeesport, Penn Hills/Allegheny County CoC",143,880,"12,691",9,29,283,9.753260418,7.1,10,7.107722379
273,IL-517,IL,49,"Aurora, Elgin/Kane County CoC",252,391,"9,212",15,49,273,7.261279715,7.6,7,7.583574482
4,CA-508,CA,2,Watsonville/Santa Cruz City & County CoC,50,"2,299","171,521",1,2,4,43.819083728,85.9,44,85.850212105
116,MI-510,MI,38,Saginaw City & County CoC,284,313,"8,206",17,38,116,8.175339208,16.5,8,16.509222484
254,NJ-516,NJ,31,"Warren, Sussex, Hunterdon Counties CoC",283,314,"8,752",16,31,254,9.443285314,8.1,9,8.130544436
371,MI-503,MI,38,"St. Clair Shores, Warren/Macomb County CoC",299,272,"8,206",17,38,371,8.175339208,3.1,8,3.102218086
179,MO-600,MO,30,"Springfield/Greene, Christian, Webster Counties CoC",212,517,"5,992",22,30,179,9.711785897,12.0,10,11.964850648
326,OK-505,OK,32,Northeast Oklahoma CoC,295,281,"3,754",30,32,326,9.405633609,5.9,9,5.928482667
235,WV-500,WV,45,"Wheeling, Weirton Area CoC",359,122,"1,375",49,45,235,7.700811974,8.9,8,8.914414316
10,MA-500,MA,12,Boston CoC,19,"4,439","15,507",7,12,10,22.185533264,67.8,22,67.794176940
382,MS-501,MS,52,Mississippi Balance of State CoC,275,342,"1,196",50,52,382,4.054806336,1.8,4,1.811003275
218,FL-510,FL,22,"Jacksonville-Duval, Clay Counties CoC",103,"1,279","25,959",3,22,218,11.892485771,9.7,12,9.715264511
205,TN-510,TN,17,Murfreesboro/Rutherford County CoC,261,371,"10,567",12,17,205,15.164276312,10.5,15,10.534326002
130,MA-503,MA,12,Cape Cod Islands CoC,250,397,"15,507",7,12,130,22.185533264,14.8,22,14.813488110
151,NY-604,NY,6,"Yonkers, Mount Vernon/Westchester County CoC",98,"1,356","74,178",2,6,151,37.355170532,13.6,37,13.588604011
37,CA-603,CA,2,Santa Maria/Santa Barbara County CoC,63,"1,962","171,521",1,2,37,43.819083728,43.9,44,43.944229800
25,CA-614,CA,2,San Luis Obispo County CoC,92,"1,448","171,521",1,2,25,43.819083728,51.1,44,51.137346862
359,IL-515,IL,49,South Central Illinois CoC,346,157,"9,212",15,49,359,7.261279715,4.1,7,4.083681660
372,NJ-512,NJ,31,Salem County CoC,384,20,"8,752",16,31,372,9.443285314,3.1,9,3.074747102
239,UT-503,UT,26,Utah Balance of State CoC,109,"1,221","3,557",33,26,239,10.652529579,8.8,11,8.801255963
349,IL-512,IL,49,Bloomington/Central Illinois CoC,310,241,"9,212",15,49,349,7.261279715,4.7,7,4.709625223
223,FL-507,FL,22,"Orlando/Orange, Osceola, Seminole Counties CoC",56,"2,151","25,959",3,22,223,11.892485771,9.4,12,9.367973204
333,MD-600,MD,36,Prince George's County CoC,207,533,"5,349",25,36,333,8.662895308,5.6,9,5.579364099
280,WI-500,WI,40,Wisconsin Balance of State CoC,38,"3,049","4,775",26,40,280,8.120608813,7.2,8,7.247441290
327,PA-502,PA,29,"Upper Darby, Chester, Haverford/Delaware County CoC",280,335,"12,691",9,29,327,9.753260418,5.8,10,5.837772654
18,CA-613,CA,2,Imperial County CoC,126,"1,057","171,521",1,2,18,43.819083728,58.8,44,58.770871444
53,CA-521,CA,2,"Davis, Woodland/Yolo County CoC",160,746,"171,521",1,2,53,43.819083728,34.4,44,34.380098255
126,MA-507,MA,12,"Pittsfield/Berkshire, Franklin, Hampshire Counties CoC",206,542,"15,507",7,12,126,22.185533264,15.0,22,15.003709404
367,NJ-501,NJ,31,Bergen County CoC,287,306,"8,752",16,31,367,9.443285314,3.2,9,3.208155845
45,CA-526,CA,2,"Amador, Calaveras, Mariposa, Tuolumne Counties CoC",183,625,"171,521",1,2,45,43.819083728,39.0,44,38.956101149
206,NY-603,NY,6,"Nassau, Suffolk Counties CoC",39,"3,034","74,178",2,6,206,37.355170532,10.4,37,10.400202108
73,CA-518,CA,2,Vallejo/Solano County CoC,115,"1,179","171,521",1,2,73,43.819083728,26.1,44,26.100470207
185,FL-514,FL,22,Ocala/Marion County CoC,232,455,"25,959",3,22,185,11.892485771,11.8,12,11.790161046
268,VA-503,VA,47,Virginia Beach CoC,268,352,"6,529",21,47,268,7.541555658,7.7,8,7.691097555
209,FL-501,FL,22,Tampa/Hillsborough County CoC,90,"1,513","25,959",3,22,209,11.892485771,10.2,12,10.235463004
52,CA-514,CA,2,Fresno City & County/Madera County CoC,23,"4,216","171,521",1,2,52,43.819083728,35.9,44,35.942304758
300,OH-507,OH,33,Ohio Balance of State CoC,24,"4,075","10,654",11,33,300,9.056180108,6.5,9,6.489042595
351,PA-503,PA,29,"Wilkes-Barre, Hazleton/Luzerne County CoC",348,150,"12,691",9,29,351,9.753260418,4.6,10,4.600479063
125,CA-609,CA,2,San Bernardino City & County CoC,30,"3,333","171,521",1,2,125,43.819083728,15.2,44,15.186516670
253,NY-518,NY,6,"Utica, Rome/Oneida, Madison Counties CoC",308,244,"74,178",2,6,253,37.355170532,8.2,37,8.189788274
34,NH-501,NH,23,Manchester CoC,214,513,"1,605",45,23,34,11.567525883,44.4,12,44.430202144
14,CA-524,CA,2,Yuba City & County/Sutter County CoC,122,"1,094","171,521",1,2,14,43.819083728,60.0,44,59.950461410
63,CA-511,CA,2,Stockton/San Joaquin County CoC,48,"2,319","171,521",1,2,63,43.819083728,29.4,44,29.376369694
182,MN-505,MN,20,St. Cloud/Central Minnesota CoC,141,916,"7,917",18,20,182,13.861577867,11.8,14,11.847391117
104,NY-507,NY,6,Schenectady City & County CoC,292,289,"74,178",2,6,104,37.355170532,18.3,37,18.280841804
180,TX-600,TX,37,"Dallas City & County, Irving CoC",22,"4,410","24,432",5,37,180,8.265540922,11.9,8,11.933393803
261,VA-600,VA,47,Arlington County CoC,339,182,"6,529",21,47,261,7.541555658,7.8,8,7.812332325
366,OK-506,OK,32,Southwest Oklahoma Regional CoC,356,134,"3,754",30,32,366,9.405633609,3.3,9,3.253840868
70,GA-504,GA,28,Augusta-Richmond County CoC,205,549,"10,689",10,28,70,9.908204733,26.7,10,26.692857108
364,OK-503,OK,32,Oklahoma Balance of State CoC,324,216,"3,754",30,32,364,9.405633609,3.5,9,3.516099994
28,MA-504,MA,12,Springfield/Hampden County CoC,51,"2,294","15,507",7,12,28,22.185533264,49.6,22,49.576631988
11,DC-500,DC,1,District of Columbia CoC,21,"4,410","4,410",28,1,11,65.939882564,65.8,66,65.815983882
35,CA-527,CA,2,Tehama County CoC,291,291,"171,521",1,2,35,43.819083728,44.4,44,44.428837522
136,NY-510,NY,6,Ithaca/Tompkins County CoC,347,152,"74,178",2,6,136,37.355170532,14.5,37,14.453890188
346,GA-506,GA,28,Marietta/Cobb County CoC,255,380,"10,689",10,28,346,9.908204733,5.0,10,4.955646960
91,CO-503,CO,14,Metropolitan Denver CoC,11,"6,884","10,397",13,14,91,17.891014691,21.2,18,21.234186176
7,NY-600,NY,6,New York City CoC,2,"61,840","74,178",2,6,7,37.355170532,73.0,37,73.032069747
132,PA-501,PA,29,Harrisburg/Dauphin County CoC,242,423,"12,691",9,29,132,9.753260418,14.7,10,14.718162839
384,MI-502,MI,38,"Dearborn, Dearborn Heights, Westland/Wayne County CoC",342,166,"8,206",17,38,384,8.175339208,1.5,8,1.453142289
348,NC-503,NC,34,North Carolina Balance of State CoC,44,"2,491","9,382",14,34,348,8.879521214,4.8,9,4.788193096
339,LA-500,LA,15,Lafayette/Acadiana CoC,269,351,"7,373",20,15,339,15.934393436,5.5,16,5.469590014
113,MN-506,MN,20,Northwest Minnesota CoC,293,285,"7,917",18,20,113,13.861577867,16.8,14,16.845365456
295,PR-503,PR,51,South-Southeast Puerto Rico CoC,113,"1,189","2,215",43,51,295,6.788870421,6.6,7,6.611480176
360,MS-503,MS,52,Gulf Port/Gulf Coast Regional CoC,331,200,"1,196",50,52,360,4.054806336,4.0,4,4.005230831
71,CA-505,CA,2,Richmond/Contra Costa County CoC,37,"3,093","171,521",1,2,71,43.819083728,26.6,44,26.631353360
215,ID-501,ID,27,Idaho Balance of State CoC,96,"1,378","1,998",44,27,215,10.491967186,9.9,10,9.920863475
279,OK-504,OK,32,Norman/Cleveland County CoC,333,197,"3,754",30,32,279,9.405633609,7.3,9,7.277052535
141,NY-513,NY,6,"Wayne, Ontario, Seneca, Yates Counties CoC",259,372,"74,178",2,6,141,37.355170532,14.2,37,14.213011783
161,KS-502,KS,39,Wichita/Sedgwick County CoC,172,690,"2,397",39,39,161,8.158827906,13.2,8,13.172262651
88,GA-503,GA,28,Athens-Clarke County CoC,294,283,"10,689",10,28,88,9.908204733,22.0,10,21.987242738
378,IL-506,IL,49,"Joliet, Bolingbrook/Will County CoC",321,219,"9,212",15,49,378,7.261279715,2.5,7,2.474274326
318,PA-603,PA,29,Beaver County CoC,368,103,"12,691",9,29,318,9.753260418,6.2,10,6.181582485
361,LA-505,LA,15,Monroe/Northeast Louisiana CoC,354,136,"7,373",20,15,361,15.934393436,3.9,16,3.912408087
184,NJ-515,NJ,31,Elizabeth/Union County CoC,173,675,"8,752",16,31,184,9.443285314,11.8,9,11.798347882
166,MO-602,MO,30,"Joplin/Jasper, Newton Counties CoC",317,231,"5,992",22,30,166,9.711785897,12.7,10,12.654691275
12,OR-501,OR,4,"Portland, Gresham/Multnomah County CoC",16,"5,228","17,959",6,4,12,42.193914387,65.1,42,65.075300886
287,PR-502,PR,51,Puerto Rico Balance of Commonwealth CoC,131,"1,026","2,215",43,51,287,6.788870421,7.0,7,7.002471340
380,TX-701,TX,37,"Bryan, College Station/Brazos Valley CoC",376,86,"24,432",5,37,380,8.265540922,2.4,8,2.408214813
190,OH-501,OH,33,Toledo/Lucas County CoC,221,494,"10,654",11,33,190,9.056180108,11.5,9,11.510027004
375,IL-500,IL,49,McHenry County CoC,374,92,"9,212",15,49,375,7.261279715,3.0,7,2.957039361
99,OK-502,OK,32,Oklahoma City CoC,100,"1,339","3,754",30,32,99,9.405633609,19.5,9,19.469991639
92,AZ-501,AZ,13,Tucson/Pima County CoC,54,"2,227","13,553",8,13,92,18.655511993,21.2,19,21.168597854
78,TN-502,TN,17,Knoxville/Knox County CoC,116,"1,178","10,567",12,17,78,15.164276312,24.2,15,24.204965511
198,NC-500,NC,34,Winston-Salem/Forsyth County CoC,237,429,"9,382",14,34,198,8.879521214,11.1,9,11.127740757
133,AR-508,AR,41,Fort Smith CoC,257,374,"2,459",37,41,133,8.120544681,14.6,8,14.589940743
310,IN-502,IN,43,Indiana Balance of State CoC,28,"3,688","5,449",24,43,310,7.997320626,6.3,8,6.320606600
160,FL-500,FL,22,"Sarasota, Bradenton/Manatee, Sarasota Counties CoC",118,"1,138","25,959",3,22,160,11.892485771,13.2,12,13.236251977
242,PA-508,PA,29,Scranton/Lackawanna County CoC,338,188,"12,691",9,29,242,9.753260418,8.7,10,8.717304313
107,MI-508,MI,38,"Lansing, East Lansing/Ingham County CoC",213,515,"8,206",17,38,107,8.175339208,18.1,8,18.131632129
201,NY-511,NY,6,"Binghamton, Union Town/Broome, Otsego, Chenango, Delaware, Cortland, Tioga Count",225,483,"74,178",2,6,201,37.355170532,11.0,37,10.963095452
6,OR-500,OR,4,"Eugene, Springfield/Lane County CoC",42,"2,880","17,959",6,4,6,42.193914387,75.2,42,75.158733680
80,DE-500,DE,11,Delaware Statewide CoC,46,"2,369","2,369",40,11,80,23.576666962,23.6,24,23.610103410
47,CA-607,CA,2,Pasadena CoC,215,512,"171,521",1,2,47,43.819083728,37.7,44,37.721392155
13,FL-604,FL,22,Monroe County CoC,210,526,"25,959",3,22,13,11.892485771,64.0,12,64.013630279
51,OR-505,OR,4,Oregon Balance of State CoC,25,"4,057","17,959",6,4,51,42.193914387,36.2,42,36.203302469
211,VA-601,VA,47,Fairfax County CoC,112,"1,191","6,529",21,47,211,7.541555658,10.1,8,10.106161364
297,OH-508,OH,33,"Canton, Massillon, Alliance/Stark County CoC",307,247,"10,654",11,33,297,9.056180108,6.6,9,6.607210687
22,CA-500,CA,2,San Jose/Santa Clara City & County CoC,4,"10,028","171,521",1,2,22,43.819083728,53.2,44,53.184605952
272,FL-602,FL,22,Punta Gorda/Charlotte County CoC,349,148,"25,959",3,22,272,11.892485771,7.6,12,7.595859230
234,NC-513,NC,34,Chapel Hill/Orange County CoC,357,133,"9,382",14,34,234,8.879521214,8.9,9,8.933129148
173,FL-600,FL,22,Miami-Dade County CoC,33,"3,276","25,959",3,22,173,11.892485771,12.3,12,12.302945384
264,VA-603,VA,47,Alexandria CoC,361,120,"6,529",21,47,264,7.541555658,7.8,8,7.756648094
313,SC-502,SC,50,Columbia/Midlands CoC,135,987,"3,608",32,50,313,6.947458497,6.3,7,6.270926915
41,GA-500,GA,28,Atlanta CoC,61,"2,017","10,689",10,28,41,9.908204733,40.6,10,40.627561883
222,FL-605,FL,22,West Palm Beach/Palm Beach County CoC,94,"1,404","25,959",3,22,222,11.892485771,9.4,12,9.372578000
174,VA-507,VA,47,Portsmouth CoC,360,120,"6,529",21,47,174,7.541555658,12.3,8,12.264922322
21,OR-502,OR,4,"Medford, Ashland/Jackson County CoC",107,"1,251","17,959",6,4,21,42.193914387,55.9,42,55.914612889
350,IL-519,IL,49,West Central Illinois CoC,370,97,"9,212",15,49,350,7.261279715,4.6,7,4.616365730
17,CA-502,CA,2,"Oakland, Berkeley/Alameda County CoC",5,"9,747","171,521",1,2,17,43.819083728,59.1,44,59.124470142
167,FL-504,FL,22,"Deltona, Daytona Beach/Volusia, Flagler Counties CoC",144,865,"25,959",3,22,167,11.892485771,12.6,12,12.621398889
68,CA-611,CA,2,"Oxnard, San Buenaventura/Ventura County CoC",53,"2,248","171,521",1,2,68,43.819083728,26.8,44,26.768788165
81,NC-501,NC,34,Asheville/Buncombe County CoC,181,637,"9,382",14,34,81,8.879521214,23.5,9,23.459308963
255,NC-506,NC,34,"Wilmington/Brunswick, New Hanover, Pender Counties CoC",272,347,"9,382",14,34,255,8.879521214,8.0,9,7.957839504
43,HI-501,HI,5,Honolulu City and County CoC,26,"3,945","5,967",23,5,43,41.232653885,39.4,41,39.414920721
281,NJ-511,NJ,31,Paterson/Passaic County CoC,258,374,"8,752",16,31,281,9.443285314,7.2,9,7.218446799
237,IL-507,IL,49,"Peoria, Pekin/Fulton, Tazewell, Peoria, Woodford Counties CoC",279,337,"9,212",15,49,237,7.261279715,8.8,7,8.838950132
311,AR-503,AR,41,Arkansas  Balance of State  CoC,155,814,"2,459",37,41,311,8.120544681,6.3,8,6.302246124
36,VT-500,VT,3,Vermont Balance of State CoC,57,"2,112","2,780",35,3,36,42.969402076,44.3,43,44.304129388
271,MA-519,MA,12,"Attleboro, Taunton/Bristol County CoC",290,293,"15,507",7,12,271,22.185533264,7.6,22,7.603694409
374,SC-500,SC,50,Charleston/Low Country CoC,281,324,"3,608",32,50,374,6.947458497,3.0,7,2.967668896
315,TN-506,TN,17,Upper Cumberland CoC,254,382,"10,567",12,17,315,15.164276312,6.2,15,6.209453649
342,TX-604,TX,37,Waco/McLennan County CoC,334,195,"24,432",5,37,342,8.265540922,5.2,8,5.168369578
124,NE-501,NE,24,"Omaha, Council Bluffs CoC",99,"1,346","2,246",42,24,124,11.438442742,15.4,11,15.440560724
101,FL-508,FL,22,"Gainesville/Alachua, Putnam Counties CoC",139,925,"25,959",3,22,101,11.892485771,18.9,12,18.896331660
302,NJ-510,NJ,31,Lakewood Township/Ocean County CoC,243,419,"8,752",16,31,302,9.443285314,6.5,9,6.456106182
274,TN-509,TN,17,Appalachian Regional CoC,251,392,"10,567",12,17,274,15.164276312,7.5,15,7.535577731
33,HI-500,HI,5,Hawaii Balance of State CoC,60,"2,022","5,967",23,5,33,41.232653885,45.9,41,45.885404493
228,GA-505,GA,28,Columbus-Muscogee CoC,309,243,"10,689",10,28,228,9.908204733,9.2,10,9.192741139
106,IN-503,IN,43,Indianapolis CoC,73,"1,761","5,449",24,43,106,7.997320626,18.1,8,18.134037413
144,NC-511,NC,34,Fayetteville/Cumberland County CoC,227,475,"9,382",14,34,144,8.879521214,14.2,9,14.157635585
147,FL-506,FL,22,Tallahassee/Leon County CoC,184,621,"25,959",3,22,147,11.892485771,13.9,12,13.912817491
122,NC-505,NC,34,Charlotte/Mecklenberg CoC,74,"1,761","9,382",14,34,122,8.879521214,15.7,9,15.691327267
110,UT-500,UT,26,Salt Lake City & County CoC,58,"2,095","3,557",33,26,110,10.652529579,17.7,11,17.658150016
337,MD-505,MD,36,Baltimore County CoC,229,468,"5,349",25,36,337,8.662895308,5.5,9,5.510316537
84,NM-500,NM,21,Albuquerque CoC,105,"1,277","2,560",36,21,84,12.094429145,22.7,12,22.698227334
230,IL-516,IL,49,Decatur/Macon County CoC,373,93,"9,212",15,49,230,7.261279715,9.1,7,9.079194002
320,IL-502,IL,49,"Waukegan, North Chicago/Lake County CoC",236,431,"9,212",15,49,320,7.261279715,6.1,7,6.059847674
79,TX-503,TX,37,Austin/Travis County CoC,35,"3,157","24,432",5,37,79,8.265540922,24.2,8,24.188716427
373,TN-503,TN,17,Central Tennessee CoC,253,387,"10,567",12,17,373,15.164276312,3.0,15,2.982596894
381,VA-602,VA,47,Loudoun County CoC,369,99,"6,529",21,47,381,7.541555658,2.3,8,2.315291212
354,IL-520,IL,49,Southern Illinois CoC,306,248,"9,212",15,49,354,7.261279715,4.4,7,4.426737494
69,MI-501,MI,38,Detroit CoC,77,"1,691","8,206",17,38,69,8.175339208,26.7,8,26.736699638
308,NJ-513,NJ,31,Somerset County CoC,320,220,"8,752",16,31,308,9.443285314,6.4,9,6.364875147
82,WA-508,WA,7,Vancouver/Clark County CoC,111,"1,197","25,211",4,7,82,32.569216529,23.4,33,23.406152474
128,FL-513,FL,22,"Palm Bay, Melbourne/Brevard County CoC",140,916,"25,959",3,22,128,11.892485771,14.9,12,14.854985502
244,PA-510,PA,29,Lancaster City & County CoC,228,472,"12,691",9,29,244,9.753260418,8.5,10,8.525210782
212,FL-519,FL,22,Pasco County CoC,191,589,"25,959",3,22,212,11.892485771,10.1,12,10.084459488
260,NC-504,NC,34,"Greensboro, High Point CoC",239,426,"9,382",14,34,260,8.879521214,7.9,9,7.853837503
238,NH-500,NH,23,New Hampshire Balance of State CoC,149,851,"1,605",45,23,238,11.567525883,8.8,12,8.819447971
368,VA-508,VA,47,Lynchburg CoC,377,84,"6,529",21,47,368,7.541555658,3.2,8,3.202952817
169,OH-502,OH,33,Cleveland/Cuyahoga County CoC,87,"1,574","10,654",11,33,169,9.056180108,12.6,9,12.598178147
31,CA-506,CA,2,"Salinas/Monterey, San Benito Counties CoC",45,"2,404","171,521",1,2,31,43.819083728,47.7,44,47.698223420
57,LA-509,LA,15,Louisiana Balance of State CoC,17,"4,731","7,373",20,15,57,15.934393436,32.3,16,32.311314151
316,MN-511,MN,20,Southwest Minnesota CoC,341,173,"7,917",18,20,316,13.861577867,6.2,14,6.207770119
285,NJ-508,NJ,31,Monmouth County CoC,233,453,"8,752",16,31,285,9.443285314,7.0,9,7.019403304
138,IL-510,IL,49,Chicago CoC,27,"3,875","9,212",15,49,138,7.261279715,14.4,7,14.370187146
131,TX-500,TX,37,San Antonio/Bexar County CoC,40,"2,995","24,432",5,37,131,8.265540922,14.8,8,14.766526183
176,IA-502,IA,46,Des Moines/Polk County CoC,188,606,"2,419",38,46,176,7.564838232,12.2,8,12.196987384
158,NC-507,NC,34,Raleigh/Wake County CoC,89,"1,534","9,382",14,34,158,8.879521214,13.3,9,13.336764609
42,VT-501,VT,3,Burlington/Chittenden County CoC,174,668,"2,780",35,3,42,42.969402076,39.6,43,39.558226986
204,MD-514,MD,36,Maryland Balance of State CoC,128,"1,053","5,349",25,36,204,8.662895308,10.6,9,10.579257021
135,OH-503,OH,33,Columbus/Franklin County CoC,66,"1,912","10,654",11,33,135,9.056180108,14.5,9,14.469348743
344,TX-700,TX,37,"Houston, Pasadena, Conroe/Harris, Ft. Bend, Montgomery, Counties CoC",36,"3,124","24,432",5,37,344,8.265540922,5.0,8,5.010069052
119,MI-511,MI,38,Lenawee County CoC,345,158,"8,206",17,38,119,8.175339208,16.0,8,15.966692267
32,TN-500,TN,17,Chattanooga/Southeast Tennessee CoC,29,"3,392","10,567",12,17,32,15.164276312,47.5,15,47.463062907
225,NY-512,NY,6,Troy/Rensselaer County CoC,351,148,"74,178",2,6,225,37.355170532,9.2,37,9.236606920
341,NY-522,NY,6,"Jefferson, Lewis, St. Lawrence Counties CoC",358,130,"74,178",2,6,341,37.355170532,5.2,37,5.180954810
30,CA-519,CA,2,"Chico, Paradise/Butte County CoC",133,"1,006","171,521",1,2,30,43.819083728,48.3,44,48.293640697
240,CT-505,CT,42,Connecticut Balance of State CoC,47,"2,327","2,930",34,42,240,8.086428186,8.8,8,8.794975034
369,UT-504,UT,26,Provo/Mountainland CoC,312,241,"3,557",33,26,369,10.652529579,3.2,11,3.153410132
191,TN-501,TN,17,Memphis/Shelby County CoC,127,"1,055","10,567",12,17,191,15.164276312,11.4,15,11.412141653
246,NY-514,NY,6,"Jamestown, Dunkirk/Chautauqua County CoC",366,108,"74,178",2,6,246,37.355170532,8.5,37,8.516879983
202,NY-505,NY,6,"Syracuse, Auburn/Onondaga, Oswego, Cayuga Counties CoC",169,712,"74,178",2,6,202,37.355170532,10.7,37,10.682622584
72,CA-525,CA,2,El Dorado County CoC,216,511,"171,521",1,2,72,43.819083728,26.4,44,26.446400754
236,MI-505,MI,38,Flint/Genesee County CoC,266,360,"8,206",17,38,236,8.175339208,8.9,8,8.906305664
248,FL-520,FL,22,"Citrus, Hernando, Lake, Sumter Counties CoC",162,745,"25,959",3,22,248,11.892485771,8.4,12,8.369253721
357,IL-518,IL,49,"Rock Island, Moline/Northwestern Illinois CoC",296,280,"9,212",15,49,357,7.261279715,4.4,7,4.351217875
278,TX-601,TX,37,"Fort Worth, Arlington/Tarrant County CoC",78,"1,665","24,432",5,37,278,8.265540922,7.3,8,7.292265687
323,IL-514,IL,49,DuPage County CoC,202,555,"9,212",15,49,323,7.261279715,6.0,7,6.000746039
49,MA-505,MA,12,New Bedford CoC,262,370,"15,507",7,12,49,22.185533264,36.7,22,36.655075737
216,NY-500,NY,6,"Rochester, Irondequoit, Greece/Monroe County CoC",159,748,"74,178",2,6,216,37.355170532,9.9,37,9.905185656
306,IA-501,IA,46,Iowa Balance of State CoC,82,"1,601","2,419",38,46,306,7.564838232,6.4,8,6.410862187
189,NY-525,NY,6,New York Balance of State Continuum of Care,189,606,"74,178",2,6,189,37.355170532,11.5,37,11.515702021
321,NY-523,NY,6,"Glens Falls, Saratoga Springs/Saratoga, Washington, Warren, Hamilton Counties Co",319,222,"74,178",2,6,321,37.355170532,6.0,37,6.015412462
199,PA-605,PA,29,Erie City & County CoC,288,298,"12,691",9,29,199,9.753260418,11.1,10,11.077613927
65,MN-509,MN,20,Duluth/St.Louis County CoC,203,555,"7,917",18,20,65,13.861577867,27.9,14,27.863963611
58,WA-502,WA,7,Spokane City & County CoC,75,"1,757","25,211",4,7,58,32.569216529,32.2,33,32.177129881
102,MI-507,MI,38,"Portage, Kalamazoo City & County CoC",223,488,"8,206",17,38,102,8.175339208,18.7,8,18.689584387
90,NY-601,NY,6,Poughkeepsie/Dutchess County CoC,182,636,"74,178",2,6,90,37.355170532,21.4,37,21.406069092
111,GA-507,GA,28,Savannah/Chatham County CoC,211,523,"10,689",10,28,111,9.908204733,17.6,10,17.649301958
309,OK-500,OK,32,North Central Oklahoma CoC,326,214,"3,754",30,32,309,9.405633609,6.4,9,6.364255486
195,MA-516,MA,12,Massachusetts Balance of State CoC,34,"3,235","15,507",7,12,195,22.185533264,11.2,22,11.209022102
134,MA-511,MA,12,"Quincy, Brockton, Weymouth, Plymouth City and County CoC",132,"1,008","15,507",7,12,134,22.185533264,14.6,22,14.570853667
304,KY-500,KY,35,Kentucky Balance of State CoC,55,"2,189","3,984",29,35,304,8.840389039,6.4,9,6.419868805
305,MN-502,MN,20,Rochester/Southeast Minnesota CoC,224,485,"7,917",18,20,305,13.861577867,6.4,14,6.413706554
307,KS-507,KS,39,Kansas Balance of State CoC,138,929,"2,397",39,39,307,8.158827906,6.4,8,6.397080342
376,LA-507,LA,15,Alexandria/Central Louisiana CoC,379,75,"7,373",20,15,376,15.934393436,2.6,16,2.554008772
233,WI-501,WI,40,Milwaukee City & County CoC,152,832,"4,775",26,40,233,8.120608813,9.0,8,8.964947272
148,KY-501,KY,35,Louisville-Jefferson County CoC,124,"1,080","3,984",29,35,148,8.840389039,13.9,9,13.883996637
5,MA-502,MA,12,Lynn CoC,148,851,"15,507",7,12,5,22.185533264,84.4,22,84.388604068
301,VA-514,VA,47,"Fredericksburg/Spotsylvania, Stafford Counties CoC",304,253,"6,529",21,47,301,7.541555658,6.5,8,6.458348756
334,MN-503,MN,20,"Dakota, Anoka, Washington, Scott, Carver Counties",161,746,"7,917",18,20,334,13.861577867,5.6,14,5.553876323
139,MT-500,MT,19,Montana Statewide CoC,85,"1,585","1,585",46,19,139,14.327981508,14.4,14,14.353360724
284,FL-603,FL,22,"Ft Myers, Cape Coral/Lee County CoC",201,560,"25,959",3,22,284,11.892485771,7.1,12,7.106815436
290,FL-503,FL,22,"Lakeland, Winterhaven/Polk County CoC",217,506,"25,959",3,22,290,11.892485771,6.7,12,6.715150228
60,FL-518,FL,22,"Columbia, Hamilton, Lafayette, Suwannee Counties CoC",222,488,"25,959",3,22,60,11.892485771,31.6,12,31.617070627
193,CO-505,CO,14,"Fort Collins, Greeley, Loveland/Larimer, Weld Counties CoC",157,792,"10,397",13,14,193,17.891014691,11.3,18,11.272914119
213,LA-506,LA,15,Slidell/Southeast Louisiana CoC,186,611,"7,373",20,15,213,15.934393436,10.1,16,10.074528426
16,WA-500,WA,7,Seattle/King County CoC,3,"13,368","25,211",4,7,16,32.569216529,59.4,33,59.352529964
188,MS-500,MS,52,"Jackson/Rankin, Madison Counties CoC",178,654,"1,196",50,52,188,4.054806336,11.6,4,11.633657202
363,IL-504,IL,49,Madison County CoC,372,96,"9,212",15,49,363,7.261279715,3.6,7,3.629626829
345,MI-518,MI,38,Livingston County CoC,371,97,"8,206",17,38,345,8.175339208,5.0,8,4.974001867
105,CA-515,CA,2,"Roseville, Rocklin/Placer County CoC",158,750,"171,521",1,2,105,43.819083728,18.2,44,18.190637885
227,NC-516,NC,34,Northwest North Carolina CoC,335,193,"9,382",14,34,227,8.879521214,9.2,9,9.217514232
229,MI-512,MI,38,"Grand Traverse, Antrim, Leelanau Counties CoC",344,164,"8,206",17,38,229,8.175339208,9.2,8,9.187778014
186,CA-612,CA,2,Glendale CoC,318,225,"171,521",1,2,186,43.819083728,11.7,44,11.696453635
168,NJ-502,NJ,31,Burlington County CoC,195,585,"8,752",16,31,168,9.443285314,12.6,9,12.600453616
94,FL-502,FL,22,"St. Petersburg, Clearwater, Largo/Pinellas County CoC",62,"1,985","25,959",3,22,94,11.892485771,20.8,12,20.750249578
289,NJ-507,NJ,31,New Brunswick/Middlesex County CoC,193,586,"8,752",16,31,289,9.443285314,6.8,9,6.807565459
270,MI-516,MI,38,"Norton Shores, Muskegon City & County CoC",355,135,"8,206",17,38,270,8.175339208,7.6,8,7.648248551
98,CA-513,CA,2,"Visalia/Kings, Tulare Counties CoC",108,"1,235","171,521",1,2,98,43.819083728,19.6,44,19.587722067
324,OK-507,OK,32,Southeastern Oklahoma Regional CoC,285,310,"3,754",30,32,324,9.405633609,6.0,9,5.973393350
379,AR-505,AR,41,Southeast Arkansas CoC,380,69,"2,459",37,41,379,8.120544681,2.4,8,2.439093364
117,NY-501,NY,6,"Elmira/Steuben, Allegany, Livingston, Chemung, Schuyler Counties CoC",219,497,"74,178",2,6,117,37.355170532,16.5,37,16.488128216
95,KS-503,KS,39,Topeka/Shawnee County CoC,264,365,"2,397",39,39,95,8.158827906,20.5,8,20.475250191
24,AK-500,AK,9,Anchorage CoC,91,"1,494","2,320",41,9,24,31.599794057,51.9,32,51.853214448
142,WA-504,WA,7,Everett/Snohomish County CoC,114,"1,184","25,211",4,7,142,32.569216529,14.2,33,14.204477290
332,MI-517,MI,38,Jackson City & County CoC,375,90,"8,206",17,38,332,8.175339208,5.6,8,5.623242737
1,CA-522,CA,2,Humboldt County CoC,79,"1,648","171,521",1,2,1,43.819083728,120.9,44,120.900887682
115,MO-604a,MO,30,"Kansas City, Independence, Lee’s Summit/Jackson, Wyandotte Counties, MO & KS",72,"1,783","5,992",22,30,115,9.711785897,16.5,10,16.549929178
241,AL-503,AL,48,Huntsville/North Alabama CoC,204,549,"3,752",31,48,241,7.429929546,8.8,7,8.764423783
207,NY-519,NY,6,"Columbia, Greene Counties CoC",363,114,"74,178",2,6,207,37.355170532,10.3,37,10.337604396
249,MO-503,MO,30,"St. Charles City & County, Lincoln, Warren Counties CoC",241,425,"5,992",22,30,249,9.711785897,8.4,10,8.364742120
226,NJ-503,NJ,31,"Camden City & County/Gloucester, Cape May, Cumberland Counties CoC",134,994,"8,752",16,31,226,9.443285314,9.2,9,9.224749800
66,MD-501,MD,36,Baltimore CoC,83,"1,597","5,349",25,36,66,8.662895308,27.7,9,27.701743978
275,PA-505,PA,29,Chester County CoC,249,402,"12,691",9,29,275,9.753260418,7.5,10,7.463116055
187,CO-500,CO,14,Colorado Balance of State CoC,101,"1,315","10,397",13,14,187,17.891014691,11.6,18,11.640351211
291,MI-519,MI,38,Holland/Ottawa County CoC,330,200,"8,206",17,38,291,8.175339208,6.7,8,6.685452789
203,FL-601,FL,22,Ft Lauderdale/Broward County CoC,59,"2,054","25,959",3,22,203,11.892485771,10.6,12,10.637069306
59,ME-500,ME,8,Maine Statewide CoC,20,"4,411","4,411",27,8,59,32.027870274,32.1,32,32.144358851
155,CA-608,CA,2,Riverside City & County CoC,31,"3,316","171,521",1,2,155,43.819083728,13.5,44,13.488475204
299,NY-508,NY,6,"Buffalo, Niagara Falls/Erie, Niagara, Orleans, Genesee, Wyoming Counties CoC",146,856,"74,178",2,6,299,37.355170532,6.6,37,6.580206646
19,CA-503,CA,2,Sacramento City & County CoC,6,"9,278","171,521",1,2,19,43.819083728,58.4,44,58.391826906
39,CA-530,CA,2,"Alpine, Inyo, Mono Counties CoC",352,140,"171,521",1,2,39,43.819083728,41.9,44,41.851010403
352,GA-502,GA,28,Fulton County CoC,298,273,"10,689",10,28,352,9.908204733,4.5,10,4.484422791
217,WI-502,WI,40,Racine City & County CoC,336,193,"4,775",26,40,217,8.120608813,9.8,8,9.802129043
194,WV-503,WV,45,"Charleston/Kanawha, Putnam, Boone, Clay Counties CoC",289,298,"1,375",49,45,194,7.700811974,11.3,8,11.270119811
197,VA-513,VA,47,"Harrisburg, Winchester/Western Virginia CoC",240,426,"6,529",21,47,197,7.541555658,11.2,8,11.150606478
377,MI-504,MI,38,"Pontiac, Royal Oak/Oakland County CoC",282,320,"8,206",17,38,377,8.175339208,2.5,8,2.519651312
152,IL-513,IL,49,Springfield/Sangamon County CoC,301,264,"9,212",15,49,152,7.261279715,13.6,7,13.556954615
97,WA-503,WA,7,"Tacoma, Lakewood/Pierce County CoC",68,"1,851","25,211",4,7,97,32.569216529,20.0,33,19.995506142
48,MA-509,MA,12,Cambridge CoC,235,440,"15,507",7,12,48,22.185533264,37.6,22,37.577931506
328,AR-501,AR,41,Fayetteville/Northwest Arkansas CoC,273,343,"2,459",37,41,328,8.120544681,5.8,8,5.822006165
258,ND-500,ND,44,North Dakota Statewide CoC,187,610,610,52,44,258,7.841282165,7.9,8,7.871495894
15,CA-504,CA,2,"Santa Rosa, Petaluma/Sonoma County CoC",41,"2,893","171,521",1,2,15,43.819083728,59.5,44,59.540592772
96,AZ-502,AZ,13,"Phoenix, Mesa/Maricopa County CoC",7,"9,026","13,553",8,13,96,18.655511993,20.1,19,20.072997571
266,MD-509,MD,36,Frederick City & County CoC,323,216,"5,349",25,36,266,8.662895308,7.7,9,7.718834313
154,OR-507,OR,4,Clackamas County CoC,198,571,"17,959",6,4,154,42.193914387,13.5,42,13.513609459
356,MD-506,MD,36,Carroll County CoC,378,76,"5,349",25,36,356,8.662895308,4.4,9,4.371006424
245,TN-512,TN,17,"Morristown/Blount, Sevier, Campbell, Cocke Counties CoC",192,588,"10,567",12,17,245,15.164276312,8.5,15,8.518726711
221,NJ-506,NJ,31,"Jersey City, Bayonne/Hudson County CoC",175,665,"8,752",16,31,221,9.443285314,9.5,9,9.466690772
23,OR-503,OR,4,Central Oregon CoC,97,"1,359","17,959",6,4,23,42.193914387,53.2,42,53.167350005
232,AL-501,AL,48,Mobile City & County/Baldwin County CoC,194,585,"3,752",31,48,232,7.429929546,9.0,7,8.967345068
231,MN-504,MN,20,Northeast Minnesota CoC,364,113,"7,917",18,20,231,13.861577867,9.0,14,8.974664443
109,WV-501,WV,45,"Huntington/Cabell, Wayne Counties CoC",315,235,"1,375",49,45,109,7.700811974,17.8,8,17.814366718
145,FL-511,FL,22,"Pensacola/Escambia, Santa Rosa Counties CoC",166,727,"25,959",3,22,145,11.892485771,14.1,12,14.078561082
38,CA-507,CA,2,Marin County CoC,120,"1,121","171,521",1,2,38,43.819083728,43.1,44,43.081251009
210,VA-504,VA,47,Charlottesville CoC,300,266,"6,529",21,47,210,7.541555658,10.2,8,10.170683959
157,PA-506,PA,29,Reading/Berks County CoC,197,573,"12,691",9,29,157,9.753260418,13.3,10,13.346003885
75,FL-517,FL,22,"Hendry, Hardee, Highlands Counties CoC",179,650,"25,959",3,22,75,11.892485771,25.4,12,25.396378867
181,FL-512,FL,22,St. Johns County CoC,271,349,"25,959",3,22,181,11.892485771,11.9,12,11.933011017
259,GA-508,GA,28,DeKalb County CoC,200,565,"10,689",10,28,259,9.908204733,7.9,10,7.871086920
262,NH-502,NH,23,Nashua/Hillsborough County CoC,311,241,"1,605",45,23,262,11.567525883,7.8,12,7.809031907
183,NC-509,NC,34,"Gastonia/Cleveland, Gaston, Lincoln Counties CoC",218,497,"9,382",14,34,183,8.879521214,11.8,9,11.808451240
251,NM-501,NM,21,New Mexico Balance of State CoC,102,"1,283","2,560",36,21,251,12.094429145,8.3,12,8.259950891
314,MI-523,MI,38,Eaton County CoC,381,68,"8,206",17,38,314,8.175339208,6.2,8,6.241738875
325,TX-607,TX,37,Texas Balance of State CoC,10,"7,054","24,432",5,37,325,8.265540922,6.0,8,5.957452271
8,CA-606,CA,2,Long Beach CoC,32,"3,296","171,521",1,2,8,43.819083728,72.3,44,72.270875451
103,AK-501,AK,9,Alaska Balance of State CoC,154,826,"2,320",41,9,103,31.599794057,18.6,32,18.580503518
112,CA-604,CA,2,Bakersfield/Kern County CoC,81,"1,603","171,521",1,2,112,43.819083728,17.5,44,17.468095934
156,OR-506,OR,4,"Hillsboro, Beaverton/Washington County CoC",156,808,"17,959",6,4,156,42.193914387,13.4,42,13.448488793
312,CT-503,CT,42,"Bridgeport, Stamford, Norwalk, Danbury/Fairfield County CoC",190,603,"2,930",34,42,312,8.086428186,6.3,8,6.282768336
256,SC-501,SC,50,"Greenville, Anderson, Spartanburg/Upstate CoC",106,"1,263","3,608",32,50,256,6.947458497,8.0,7,7.957494504
252,OH-506,OH,33,"Akron, Barberton/Summit County CoC",234,441,"10,654",11,33,252,9.056180108,8.2,9,8.202621491
27,CA-523,CA,2,"Colusa, Glenn, Trinity Counties CoC",276,340,"171,521",1,2,27,43.819083728,50.9,44,50.911922374
83,NY-503,NY,6,Albany City & County CoC,165,734,"74,178",2,6,83,37.355170532,23.4,37,23.394944270
192,VA-501,VA,47,"Norfolk, Chesapeake, Suffolk/Isle of Wight, Southampton Counties CoC",163,738,"6,529",21,47,192,7.541555658,11.4,8,11.387957466
247,NY-602,NY,6,"Newburgh, Middletown/Orange County CoC",278,339,"74,178",2,6,247,37.355170532,8.4,37,8.380198999
137,RI-500,RI,18,Rhode Island Statewide CoC,86,"1,577","1,577",47,18,137,14.375766305,14.4,14,14.393808016
64,PA-500,PA,29,Philadelphia CoC,18,"4,489","12,691",9,29,64,9.753260418,28.5,10,28.478966865
120,MI-506,MI,38,"Grand Rapids, Wyoming/Kent County CoC",129,"1,044","8,206",17,38,120,8.175339208,15.9,8,15.865152284
293,IL-503,IL,49,"Champaign, Urbana, Rantoul/Champaign County CoC",353,137,"9,212",15,49,293,7.261279715,6.7,7,6.652326129
282,MI-515,MI,38,Monroe City & County CoC,365,111,"8,206",17,38,282,8.175339208,7.1,8,7.148653348
296,PA-511,PA,29,"Bristol, Bensalem/Bucks County CoC",238,427,"12,691",9,29,296,9.753260418,6.6,10,6.608904532
298,PA-504,PA,29,"Lower Merion, Norristown, Abington/Montgomery County CoC",199,568,"12,691",9,29,298,9.753260418,6.6,10,6.600215204
121,OK-501,OK,32,Tulsa City & County CoC,125,"1,063","3,754",30,32,121,9.405633609,15.8,9,15.798281361
175,OH-505,OH,33,"Dayton, Kettering/Montgomery County CoC",177,656,"10,654",11,33,175,9.056180108,12.2,9,12.242460436
243,AL-502,AL,48,Florence/Northwest Alabama CoC,316,232,"3,752",31,48,243,7.429929546,8.6,7,8.607959394
143,AR-500,AR,41,Little Rock/Central Arkansas CoC,145,859,"2,459",37,41,143,8.120544681,14.2,8,14.176999592
331,MI-509,MI,38,Washtenaw County CoC,329,211,"8,206",17,38,331,8.175339208,5.7,8,5.712119982
292,MD-511,MD,36,Mid-Shore Regional CoC,362,116,"5,349",25,36,292,8.662895308,6.7,9,6.683221082
56,NV-501,NV,10,"Reno, Sparks/Washoe County CoC",80,"1,605","7,618",19,10,56,24.211782220,32.5,24,32.529915361
89,WA-501,WA,7,Washington Balance of State CoC,13,"5,854","25,211",4,7,89,32.569216529,21.9,33,21.927598471
50,CA-517,CA,2,Napa City & County CoC,220,495,"171,521",1,2,50,43.819083728,36.3,44,36.341744551
29,CA-529,CA,2,Lake County CoC,277,339,"171,521",1,2,29,43.819083728,49.3,44,49.297618009
118,MI-514,MI,38,Battle Creek/Calhoun County CoC,322,218,"8,206",17,38,118,8.175339208,16.3,8,16.290661266
